{"cameraMode":{"drawMode":0,"name":"Shaded","section":"Shading Mode"},"sceneLighting":false,"audioPlay":false,"sceneViewState":{"m_AlwaysRefresh":false,"showFog":true,"showSkybox":false,"showFlares":true,"showImageEffects":true,"showParticleSystems":true,"showVisualEffectGraphs":true,"m_FxEnabled":true},"in2DMode":false,"pivot":{"x":-41.46146774291992,"y":2.285287380218506,"z":0.19661082327365876},"rotation":{"x":-0.005693273618817329,"y":0.003307857783511281,"z":-0.00010582113463897258,"w":1.0000663995742798},"size":0.9459392428398132,"orthographic":false}