{"cameraMode":{"drawMode":0,"name":"Shaded","section":"Shading Mode"},"sceneLighting":true,"audioPlay":false,"sceneViewState":{"m_AlwaysRefresh":false,"showFog":true,"showSkybox":true,"showFlares":true,"showImageEffects":true,"showParticleSystems":true,"showVisualEffectGraphs":true,"m_FxEnabled":true},"in2DMode":false,"pivot":{"x":-18.87859344482422,"y":0.06205558776855469,"z":8.613160133361817},"rotation":{"x":0.09908001124858856,"y":-0.04150885343551636,"z":0.0038389735855162145,"w":0.9943088293075562},"size":4.898839473724365,"orthographic":false}