{"cameraMode":{"drawMode":0,"name":"Shaded","section":"Shading Mode"},"sceneLighting":true,"audioPlay":false,"sceneViewState":{"m_AlwaysRefresh":false,"showFog":true,"showSkybox":true,"showFlares":true,"showImageEffects":true,"showParticleSystems":true,"showVisualEffectGraphs":true,"m_FxEnabled":true},"in2DMode":false,"pivot":{"x":-48.04478454589844,"y":0.8342686891555786,"z":2.9500110149383547},"rotation":{"x":0.16373154520988465,"y":-0.10318293422460556,"z":0.01666855439543724,"w":0.981088399887085},"size":4.463413238525391,"orthographic":false}